player;card_1;card_2;card_3;result_0;result_1;result_2;result_3;result_4;result_5;result_6;result_7;result_8;result_9;round
Namse;Bayou;Duress;Slumbering Trudge;00;06;03;02;06;06;00;06;06;00;164
BlackHole;Quicksilver, Brash Blur;Force of Will;Giant Oyster;00;00;06;02;02;00;00;00;00;00;164
Optimiert;City of Traitors;Isochron Scepter;Geth's Verdict;03;00;00;06;00;00;00;00;00;06;164
Schniggi;Caves of Koilos;Death's Shadow;Path to Exile;02;02;00;00;02;00;00;02;00;06;164
hug77;Foil;Island;Chancellor of the Forge;00;02;06;02;00;00;00;00;00;00;164
lollonator;Karakas;Wasteland;Inkmoth Nexus;00;06;06;06;06;00;06;06;06;06;164
The Beast;Mishra's Workshop;Trinisphere;Iron Spider, Stark Upgrade;06;06;06;06;06;00;00;00;00;00;164
Michael W;Boseiju, Who Endures;Treetop Village;Sunken Citadel;00;06;06;02;06;00;06;00;06;06;164
Silver Seraph;Bottomless Vault;Smallpox;Ulamog, the Infinite Gyre;00;06;06;06;06;00;06;00;00;03;164
Master_of_Desaster;Volrath's Stronghold;Orzhov Basilica;Necrotic Sliver;06;06;00;00;06;00;06;00;03;00;164
